<?xml version="1.0" encoding="UTF-8"?>
<metadata xml:lang="pt"><Esri><CreaDate>20200302</CreaDate><CreaTime>12383000</CreaTime><ArcGISFormat>1.0</ArcGISFormat><SyncOnce>FALSE</SyncOnce><DataProperties><itemProps><itemName Sync="TRUE">Parana</itemName><imsContentType Sync="TRUE">002</imsContentType><itemSize Sync="TRUE">0.000</itemSize><itemLocation><linkage Sync="TRUE">file://\\ons.org.br\rio-arq\_GPD3\DADOS_TEC\Base_Cartografica_OFICIAL\Brasil\(00) SMAP 2020\Parana.shp</linkage><protocol Sync="TRUE">Local Area Network</protocol></itemLocation></itemProps><coordRef><type Sync="TRUE">Geographic</type><geogcsn Sync="TRUE">GCS_SIRGAS_2000</geogcsn><csUnits Sync="TRUE">Angular Unit: Degree (0.017453)</csUnits><peXml Sync="TRUE">&lt;GeographicCoordinateSystem xsi:type='typens:GeographicCoordinateSystem' xmlns:xsi='http://www.w3.org/2001/XMLSchema-instance' xmlns:xs='http://www.w3.org/2001/XMLSchema' xmlns:typens='http://www.esri.com/schemas/ArcGIS/10.6'&gt;&lt;WKT&gt;GEOGCS[&amp;quot;GCS_SIRGAS_2000&amp;quot;,DATUM[&amp;quot;D_SIRGAS_2000&amp;quot;,SPHEROID[&amp;quot;GRS_1980&amp;quot;,6378137.0,298.257222101]],PRIMEM[&amp;quot;Greenwich&amp;quot;,0.0],UNIT[&amp;quot;Degree&amp;quot;,0.0174532925199433],AUTHORITY[&amp;quot;EPSG&amp;quot;,4674]]&lt;/WKT&gt;&lt;XOrigin&gt;-400&lt;/XOrigin&gt;&lt;YOrigin&gt;-400&lt;/YOrigin&gt;&lt;XYScale&gt;11258999068426.238&lt;/XYScale&gt;&lt;ZOrigin&gt;-100000&lt;/ZOrigin&gt;&lt;ZScale&gt;10000&lt;/ZScale&gt;&lt;MOrigin&gt;-100000&lt;/MOrigin&gt;&lt;MScale&gt;10000&lt;/MScale&gt;&lt;XYTolerance&gt;8.9831528411952133e-09&lt;/XYTolerance&gt;&lt;ZTolerance&gt;0.001&lt;/ZTolerance&gt;&lt;MTolerance&gt;0.001&lt;/MTolerance&gt;&lt;HighPrecision&gt;true&lt;/HighPrecision&gt;&lt;LeftLongitude&gt;-180&lt;/LeftLongitude&gt;&lt;WKID&gt;4674&lt;/WKID&gt;&lt;LatestWKID&gt;4674&lt;/LatestWKID&gt;&lt;/GeographicCoordinateSystem&gt;</peXml></coordRef><lineage><Process ToolSource="c:\program files (x86)\arcgis\desktop10.6\ArcToolbox\Toolboxes\Data Management Tools.tbx\Merge" Date="20200302" Time="123839">Merge Parana\Sao_Simao;Parana\Três_Irmãos_Ilha_Solteira;Parana\Barra_Bonita;Parana\Edgard_Souza;Parana\Espora;Parana\Foz_do_Rio_Claro;Parana\Ibitinga;Parana\Jupia;Parana\Nova_Avanhandava;Parana\Porto_Primavera;Parana\Posto_Abaixo_Barra_do_Rio_Verde;Parana\Posto_Fazenda_Buriti;Parana\Salto_do_Rio_Verdinho;Parana\Sao_Domingos "Q:\DADOS_TEC\Base_Cartografica_OFICIAL\Brasil\(00) SMAP 2020\Parana.shp" "Id "Id" true true false 6 Long 0 6 ,First,#,Parana\Sao_Simao,Id,-1,-1,Parana\Barra_Bonita,Id,-1,-1,Parana\Porto_Primavera,Id,-1,-1,Parana\Sao_Domingos,Id,-1,-1;FID_ "FID_" true true false 9 Long 0 9 ,First,#,Parana\Três_Irmãos_Ilha_Solteira,FID_,-1,-1,Parana\Edgard_Souza,FID_,-1,-1,Parana\Espora,FID_,-1,-1,Parana\Foz_do_Rio_Claro,FID_,-1,-1,Parana\Ibitinga,FID_,-1,-1,Parana\Jupia,FID_,-1,-1,Parana\Nova_Avanhandava,FID_,-1,-1,Parana\Posto_Abaixo_Barra_do_Rio_Verde,FID_,-1,-1,Parana\Posto_Fazenda_Buriti,FID_,-1,-1,Parana\Salto_do_Rio_Verdinho,FID_,-1,-1;Layer "Layer" true true false 254 Text 0 0 ,First,#,Parana\Três_Irmãos_Ilha_Solteira,Layer,-1,-1,Parana\Edgard_Souza,Layer,-1,-1,Parana\Espora,Layer,-1,-1,Parana\Foz_do_Rio_Claro,Layer,-1,-1,Parana\Ibitinga,Layer,-1,-1,Parana\Jupia,Layer,-1,-1,Parana\Nova_Avanhandava,Layer,-1,-1,Parana\Posto_Abaixo_Barra_do_Rio_Verde,Layer,-1,-1,Parana\Posto_Fazenda_Buriti,Layer,-1,-1,Parana\Salto_do_Rio_Verdinho,Layer,-1,-1;Rio "Rio" true true false 50 Text 0 0 ,First,#,Parana\Três_Irmãos_Ilha_Solteira,Rio,-1,-1,Parana\Edgard_Souza,Rio,-1,-1,Parana\Espora,Rio,-1,-1,Parana\Foz_do_Rio_Claro,Rio,-1,-1,Parana\Ibitinga,Rio,-1,-1,Parana\Jupia,Rio,-1,-1,Parana\Nova_Avanhandava,Rio,-1,-1,Parana\Posto_Abaixo_Barra_do_Rio_Verde,Rio,-1,-1,Parana\Posto_Fazenda_Buriti,Rio,-1,-1,Parana\Salto_do_Rio_Verdinho,Rio,-1,-1;Operadora "Operadora" true true false 50 Text 0 0 ,First,#,Parana\Três_Irmãos_Ilha_Solteira,Operadora,-1,-1,Parana\Edgard_Souza,Operadora,-1,-1,Parana\Espora,Operadora,-1,-1,Parana\Foz_do_Rio_Claro,Operadora,-1,-1,Parana\Ibitinga,Operadora,-1,-1,Parana\Jupia,Operadora,-1,-1,Parana\Nova_Avanhandava,Operadora,-1,-1,Parana\Posto_Abaixo_Barra_do_Rio_Verde,Operadora,-1,-1,Parana\Posto_Fazenda_Buriti,Operadora,-1,-1,Parana\Salto_do_Rio_Verdinho,Operadora,-1,-1"</Process></lineage></DataProperties><SyncDate>20200302</SyncDate><SyncTime>12383000</SyncTime><ModDate>20200302</ModDate><ModTime>12383000</ModTime></Esri><dataIdInfo><envirDesc Sync="TRUE"> Version 6.2 (Build 9200) ; Esri ArcGIS 10.6.1.9270</envirDesc><dataLang><languageCode value="por" Sync="TRUE"></languageCode><countryCode value="BRA" Sync="TRUE"></countryCode></dataLang><idCitation><resTitle Sync="TRUE">Parana</resTitle><presForm><PresFormCd value="005" Sync="TRUE"></PresFormCd></presForm></idCitation><spatRpType><SpatRepTypCd value="001" Sync="TRUE"></SpatRepTypCd></spatRpType></dataIdInfo><mdLang><languageCode value="por" Sync="TRUE"></languageCode><countryCode value="BRA" Sync="TRUE"></countryCode></mdLang><mdChar><CharSetCd value="004" Sync="TRUE"></CharSetCd></mdChar><distInfo><distFormat><formatName Sync="TRUE">Shapefile</formatName></distFormat><distTranOps><transSize Sync="TRUE">0.000</transSize></distTranOps></distInfo><mdHrLv><ScopeCd value="005" Sync="TRUE"></ScopeCd></mdHrLv><mdHrLvName Sync="TRUE">dataset</mdHrLvName><refSysInfo><RefSystem><refSysID><identCode code="4674" Sync="TRUE"></identCode><idCodeSpace Sync="TRUE">EPSG</idCodeSpace><idVersion Sync="TRUE">7.8.3(9.2.0)</idVersion></refSysID></RefSystem></refSysInfo><spatRepInfo><VectSpatRep><geometObjs Name="Parana"><geoObjTyp><GeoObjTypCd value="002" Sync="TRUE"></GeoObjTypCd></geoObjTyp><geoObjCnt Sync="TRUE">0</geoObjCnt></geometObjs><topLvl><TopoLevCd value="001" Sync="TRUE"></TopoLevCd></topLvl></VectSpatRep></spatRepInfo><spdoinfo><ptvctinf><esriterm Name="Parana"><efeatyp Sync="TRUE">Simple</efeatyp><efeageom code="4" Sync="TRUE"></efeageom><esritopo Sync="TRUE">FALSE</esritopo><efeacnt Sync="TRUE">0</efeacnt><spindex Sync="TRUE">FALSE</spindex><linrefer Sync="TRUE">TRUE</linrefer></esriterm></ptvctinf></spdoinfo><eainfo><detailed Name="Parana"><enttyp><enttypl Sync="TRUE">Parana</enttypl><enttypt Sync="TRUE">Feature Class</enttypt><enttypc Sync="TRUE">0</enttypc></enttyp><attr><attrlabl Sync="TRUE">FID</attrlabl><attalias Sync="TRUE">FID</attalias><attrtype Sync="TRUE">OID</attrtype><attwidth Sync="TRUE">4</attwidth><atprecis Sync="TRUE">0</atprecis><attscale Sync="TRUE">0</attscale><attrdef Sync="TRUE">Internal feature number.</attrdef><attrdefs Sync="TRUE">Esri</attrdefs><attrdomv><udom Sync="TRUE">Sequential unique whole numbers that are automatically generated.</udom></attrdomv></attr><attr><attrlabl Sync="TRUE">Shape</attrlabl><attalias Sync="TRUE">Shape</attalias><attrtype Sync="TRUE">Geometry</attrtype><attwidth Sync="TRUE">0</attwidth><atprecis Sync="TRUE">0</atprecis><attscale Sync="TRUE">0</attscale><attrdef Sync="TRUE">Feature geometry.</attrdef><attrdefs Sync="TRUE">Esri</attrdefs><attrdomv><udom Sync="TRUE">Coordinates defining the features.</udom></attrdomv></attr><attr><attrlabl Sync="TRUE">Id</attrlabl><attalias Sync="TRUE">Id</attalias><attrtype Sync="TRUE">Integer</attrtype><attwidth Sync="TRUE">6</attwidth><atprecis Sync="TRUE">6</atprecis><attscale Sync="TRUE">0</attscale></attr><attr><attrlabl Sync="TRUE">FID_</attrlabl><attalias Sync="TRUE">FID_</attalias><attrtype Sync="TRUE">Integer</attrtype><attwidth Sync="TRUE">9</attwidth><atprecis Sync="TRUE">9</atprecis><attscale Sync="TRUE">0</attscale></attr><attr><attrlabl Sync="TRUE">Layer</attrlabl><attalias Sync="TRUE">Layer</attalias><attrtype Sync="TRUE">String</attrtype><attwidth Sync="TRUE">254</attwidth><atprecis Sync="TRUE">0</atprecis><attscale Sync="TRUE">0</attscale></attr><attr><attrlabl Sync="TRUE">Rio</attrlabl><attalias Sync="TRUE">Rio</attalias><attrtype Sync="TRUE">String</attrtype><attwidth Sync="TRUE">50</attwidth><atprecis Sync="TRUE">0</atprecis><attscale Sync="TRUE">0</attscale></attr><attr><attrlabl Sync="TRUE">Operadora</attrlabl><attalias Sync="TRUE">Operadora</attalias><attrtype Sync="TRUE">String</attrtype><attwidth Sync="TRUE">50</attwidth><atprecis Sync="TRUE">0</atprecis><attscale Sync="TRUE">0</attscale></attr></detailed></eainfo><mdDateSt Sync="TRUE">20200302</mdDateSt></metadata>
