<?xml version="1.0" encoding="UTF-8"?>
<metadata xml:lang="pt"><Esri><CreaDate>20200302</CreaDate><CreaTime>11553700</CreaTime><ArcGISFormat>1.0</ArcGISFormat><SyncOnce>TRUE</SyncOnce><DataProperties><lineage><Process ToolSource="c:\program files (x86)\arcgis\desktop10.1\ArcToolbox\Toolboxes\Conversion Tools.tbx\ExportCAD" Date="20141127" Time="104200">ExportCAD Bacias DWG_R2010 C:\Users\Hicon\Desktop\baciaU.DWG Ignore_Filenames_in_Tables Overwrite_Existing_Files #</Process></lineage></DataProperties></Esri></metadata>
